الاسم,الفئة,الكمية,البيع قطاعي,البيع جملة,التكلفة,الكود,حد الطلب
طلمبة حاتم 30 وان,حاتم سيف,92,430,400,380,5555,10
بلية SKF وان  6205,وان > وان,10,140,130,120,100415,2
جريبوكس lg صغير gm,GM,2,1100,1050,975,100032,1
طقم مساعد اكوا سيرفيس,العبودي,12,200,180,170,100157,5
لوك اكوا 4 طرف وان,وان > وان,4,400,390,370,100416,1
كامه عبد مصري,,0,40,30,25,100369,0
اكره وايت بوينت صغيره,استار,2,50,40,25,034/025,1
اكس  يونفيرسال ايكو,يونيفرسال,2,1200,1150,1050,034/025,1
اكس 14 حاتم,حاتم سيف,60,430,400,355,100315,5
اكس 14 زانوسي وان*,وان > وان,2,550,520,500,100417,1
اكس 18 حاتم,حاتم سيف,20,430,400,355,100316,5
اكس اكوا سيرفيس,العبودي,5,420,400,380,100158,2
اكس اكوا وان,وان > وان,2,580,570,550,100418,1
اكس العبد سيرفيس,العبودي,8,550,530,500,100159,3
اكس تركي بليه 3&4,مصري,2,500,450,380,100409,1
اكس تركي بليه 4&5,مصري,2,500,450,380,100410,1
اكس سامسونج سيرفيس,العبودي,1,1200,1150,1050,590797368,1
اكس وايت بوينت ايطالي 5ك 3&4,مصري,10,480,430,390,100412,2
اكس وايت بوينت ايطالي 7ك 3&5,مصري,10,480,430,390,100413,2
اكس وايت بوينت حاتم,حاتم سيف,1,530,500,470,100317,1
اكسZ7M,مصري,1,500,470,420,100491,1
اويل سيل 14 رولف,وان > وان,0,55,50,45,100420,1
اويل سيل 14 زانوسي ايطالي*,العبودي,11,50,40,33,113ظ023,20
اويل سيل 40*21*7 سيرفيس,العبودي,5,70,55,50,113ظ039,2
بايميتل ثرموديسك توشيبا Q-max,ثلاجة,0,70,60,45,100015,0
بادي غسالة زانوسى استلس ناسو,استعمال,0,0,0,0,100611,0
بادي  وايت ويل 1000&800,,0,0,0,0,100612,0
بادي اكواتك باب صغير,استعمال رش دمياط,3,2000,1900,1750,100613,1
بوردة ثلاجه يونيون اير سوكت رفيع,يونيون اير,2,600,550,400,100017,1
بوردة ثلاجه يونيون اير سوكت عريض,يونيون اير,2,600,550,400,100018,1
بوردة شاشة وايت ويل 1000 استعمال,استعمال,1,0,0,0,100614,
بورده 3 زرار,وان > وان,2,1900,1850,1750,100615,1
بورده تركي4زر افقي,وان > وان,4,2100,2000,1900,100616,2
بورده زانوسي 600,الكترولوكس,5,0,0,0,100617,2
بورده سامسونج اتوماتيك استعمال,استعمال,1,0,0,0,100618,0
بورده فيكتوريا استعمال,استعمال,7,850,800,700,100619,2
بورده يونفرسال 8ك اصلي,يونيفرسال,5,950,850,750,100620,2
تاكو Lg  اتوماتيك كيس شفاف,متنوع,2,250,200,115,100610,1
تايمر 24 ساعه بفيشة,متنوع,2,140,110,95,100019,1
تايمر زانوسي 1009 حاتم,حاتم سيف,1,1400,1350,1300,100621,1
تايمر زانوسي 1009 مانرو,مانرو,1,0,0,0,100622,
تايمر عصاره توشيبا كوبي,صيني,20,60,55,45,100623,5
تايمر فريش3طرف,محمد السيد,60,70,50,50,100624,5
تايمر1009 استعمال,استعمال,0,0,0,0,100625,0
ثرموستات  تلاجة تجميد قسيس,قسيس,5,200,180,160,100014,2
ثرموستات  ديب فريزر,متنوع,2,0,0,0,100626,1
ثرموستات دانفوس 3طرف تلاجه,متنوع,2,0,0,0,100627,1
ثرموستات رانكو ثلاجه + ديب فريزر,تايوان,5,100,90,80,100628,2
خرطوم صرف بكوع 1.5م مانرو,مانرو,10,100,95,85,100608,5
ديفكون,متنوع > لاصق,5,0,0,0,100590,2
ديفيكون ماليزي,متنوع > لاصق,0,0,0,,100591,0
ريلاي موتور,توشيبا,0,0,0,,100629,0
زور 14 حاتم,حاتم سيف,0,0,0,,100604,0
زور العبد طويل زانوسي,توشيبا,0,0,0,,100630,0
زور العبد قصير زانوسي,توشيبا,0,0,0,,100631,0
زور العبد قصير سرفيس,العبودي,0,0,0,,100607,0
سليكون مصري,مصري,10,50,40,0,100632,5
سوستة شيالة حله,توشيبا,0,0,0,,100633,0
سوسته فريجدير,توشيبا,0,0,0,,100634,0
سوسته وايت بوينت مورليني,توشيبا,0,0,0,,100635,0
سير 1194 سيرفيس*,العبودي,5,0,0,0,116ظ448,2
سير 1194 ناعم الروضة*,الروضة,5,150,130,110,100087,2
سير 1196 ايجل*,ايجل,5,190,170,145,459048,2
سير 1196 مشرشر حاتم,حاتم سيف,5,0,0,0,030ز040ز032,2
سير 1196سيرفيس*,العبودي,1000,160,150,125,116ظ318,1
سير 1202 استعمال,توشيبا,0,0,0,,100639,0
سير 1215 استعمال,توشيبا,0,0,0,,100640,0
سير 1217 مانرو,مانرو,2,0,0,0,100641,1
سير 1287 سيرفيس *,العبودي,5,0,0,0,116ظ226,2
سير 1287 مانرو*,مانرو,4,0,0,0,100643,2
سير 1300*9.5,ايطالي,10,0,0,0,100644,2
سير 1308,تايوان,2,0,0,0,100645,1
سير 1325*9.5 صيني,صيني,10,70,50,38,100646,2
سير 500*9.5,تايوان,5,0,0,0,100647,1
سير 518*13 اصلي,ايطالي,5,45,40,30,100648,2
سير 525*9 (1155259),تايوان,5,0,0,0,100649,2
سير 525*9.5 تايلاندي,تايوان,1000,0,0,0,100650,2
سير 550 تايلاندي,تايوان,5,0,0,0,100651,2
سير 700*9.5 تايلاندي,تايوان,1000,0,0,0,100652,1
سير 725*9.5 تايلاندي,متنوع,1000,0,0,0,100653,1
سير اكواتيك1287حاتم*,حاتم سيف,6,0,0,0,100654,2
سير فيكتوريا 1184,متنوع,3,0,0,0,100655,1
سير يونفرسال فوق 450 اصلي,صيني,3,0,0,0,100656,1
سيلكون,متنوع > لاصق,20,50,45,0,2014385695,5
شداد وايربول,متنوع,2,0,0,0,100657,1
شيكارتون,متنوع,20,0,0,0,100658,5
صمام اكواتك ايجل*,ايجل,2,140,130,120,100219,1
صمام اكواتك حاتم,حاتم سيف,25,150,145,135,100325,5
صمام اكواتك وان*,وان > وان,3,160,145,130,100438,1
صمام العبد حاتم,حاتم سيف,20,150,140,130,100326,5
صمام ثلاثي حاتم*,حاتم سيف,2,300,250,225,100328,1
صمام فيكتوريا حاتم 1,حاتم سيف,6,300,280,265,100330,10
صمام فيكتوريا وان*,وان > وان,3,390,370,350,100440,1
صمام مفرد اكواتك سيرفيس,العبودي,30,130,115,105,100141,5
صموله جلبه هاف توشيبا,توشيبا العربي,0,0,0,0,100659,0
ضفيره indest استعمال,,0,0,0,0,100660,0
ضفيره استعمال,استعمال,0,0,0,0,100661,0
طارة هاف فريش,توشيبا,0,0,0,,100662,0
طاره 1884,توشيبا,0,0,0,,100663,0
طبق موتور حديث,ثلاجة,0,35,30,11,100004,0
طقم اصلاح مساعد,توشيبا,0,0,0,,100664,0
طقم حساس يونيون اير,ثلاجة,0,100,90,65,100016,0
طقم كامة وزور واكوره حاتم,توشيبا,0,0,0,,100666,0
طقم مساعد اكواتك حاتم,حاتم سيف,20,200,170,160,100336,5
طقم مسمار 17 استلس  الروضة,الروضة,20,50,45,36,2014384454,5
طقم مسمار توشيبا,توشيبا,0,0,0,,100667,0
طقم مسمار ستانلس (10mm),توشيبا,0,0,0,,100668,0
طقم مسمار ستانلس بصاموله (17mm),توشيبا,0,0,0,,100669,0
طلمبة lg سيرفيس 26 فولت,العبودي,0,0,0,0,100601,0
طلمبة العبد لف مربع ايطالى سيرفيس*,العبودي,2,444,424,414,100174,1
طلمبة العبد لف مربع وان,وان > وان,4,370,350,330,100451,1
طلمبة لف 8 ريشة حاتم,حاتم سيف,5,390,370,345,100338,1
طلمبة لف 8 ريشة وان,وان > وان,3,370,350,330,100452,1
طلمبة لف kb,kb,20,250,230,195,100540,4
طلمبة يونيفرسال فوق بالكفر,استار,4,0,0,0,100670,1
طلمبه  m2 استعمال,استعمال,15,0,0,0,100597,3
طمبورة غ زانوسي 18 استعمال,استعمال,5,0,0,0,100671,3
طمبورة غ زانوسي z7m استعمال,استعمال,4,0,0,0,100672,1
طمبورة معدن غساله توشيبا هاف,توشيبا العربي,3,100,90,85,100673,1
طمبوره توشيبا اصلي فوق10-11ك,توشيبا العربي,0,0,0,0,100674,0
طمبوره ماتور سامسونج استعمال,,0,0,0,0,100675,0
فريم كمفورت,متنوع,7,140,110,90,100680,2
فلتر m2 استعمال,استعمال,5,70,50,40,100681,2
فلتر اكواتيك 1,متنوع,5,65,55,45,100682,2
فلتر العبد استعمال,استعمال,3,70,50,40,100683,1
فلتر تركي (كومفورت),توشيبا,0,0,0,,100684,0
قاعده طلمبه توشيبا,توشيبا العربي,3,0,0,0,100686,1
قرصة زانوسى استعمال اصلي,استعمال,5,130,100,0,100687,2
كفر طلمبه اكوا وش,متنوع,10,0,0,0,100690,2
لوك t3 بيكو سيرفس*,العبودي,30,0,0,0,148ظ100,10
لوك اكواتك ابيض في اسود 148/006,متنوع,1,0,0,0,100691,1
لوك اكواتك حسين جابر,حسين  جابر,1,220,200,185,100606,1
لوك تركي ون,وان > وان,1,0,0,0,100692,1
لوك جرونيا,متنوع,1,0,0,0,100693,1
لوك زانوسي بيترون,متنوع,1,0,0,0,100694,1
لوك العبد وان*,وان > وان,30,320,300,285,100695,10
لوك كهرباء فريجيدير حاتم*,حاتم سيف,2,225,200,175,006ز050ز032,1
لوك فيستيل 5M ايطالي سيرفس*,العبودي,30,200,180,160,148ظ094,4
لوك كومفورت استعمال,استعمال,0,0,0,0,100697,0
لوك وايت بوينت تركي A2 سيرفس,العبودي,30,200,180,160,148/036,10
لوك وايت بوينت سيرفي*,العبودي,30,220,200,177,148ظ181,10
ليفيل lg ستار,استار,3,150,120,85,100357,1
مقبض زانوسي 14,الروضة,3,60,50,45,100599,1
مقبض زانوسي 18,الروضة,2,60,50,45,100600,1
مقبض فيكتوريا ابيض سيرفيس,العبودي,20,50,40,19,139ظ180,5
مقبض فيكتوريا فضي سيرفيس,العبودي,10,60,50,26.25,139ظ182,3
مقبض كريازى مثلث,متنوع,2,40,30,15,100698,1
مكثف 16 uf ايطالى سيرفيس*,العبودي,20,90,75,61,112ظ016,5
موتور زانوسي m2 استعمال,استعمال,2,0,0,0,100699,1
موتور سامسون اكس تخين (اخضر),متنوع,3,0,0,0,100700,1
موتور شداد يونفرسال 3 طرف بذراع اصلي استعمال,استعمال,5,0,100,0,100701,2
موتور شداد يونفرسال اصلي 2 طرف,يونيفرسال,3,0,0,0,100702,1
موتور عصاره mma,صيني,2,0,0,0,100703,1
موتور عصاره 60 وات العبودى,العبودي,3,430,400,370,100704,1
موتور عصر 10ك T كوبي,صيني,2,0,0,0,100705,1
موتور عصر 90F ktm,ktm,2,0,0,0,100595,1
موتور عصر غ توشيبا هاف 10&12ك اصلى,توشيبا العربي,3,750,750,550,100603,2
موتور غسالة  اتوماتيك وايت ويل استعمال,استعمال,0,0,0,0,100598,0
هيتر استعمال,استعمال,3,0,100,0,100596,1
هيتر اكوا حاتم,حاتم سيف,5,0,0,0,100605,2
هيتر اكواتك  مانرو,مانرو,5,0,0,0,100609,1
هيتر ديب فريزر توشيبا اصلي5درج,ديب فريزر,0,200,170,130,2014388188,0
هيتر زانوسي  m2 سيرفيس,العبودي,5,250,240,215,100156,2
لوك معدل A2 سيرفس*,العبودي,29,0,0,0,148ظ036,10
لوك هوت بوينت M4 سيرفس,العبودي,30,0,0,0,148ظ026,10
طقم مساعد اكواتك*,الكترولوكس,30,240,210,200,0,10
فلتر تلاجة ايطالى,ايطالي,10,40,30,25,0,2
بلف شحن تلاجة,تايوان,10,25,15,10,0,2
سير 600 الصخرة,الصخرة,5,25,20,15,0,5
مقبض فاملى استار,استار,5,80,70,45,0,2
لوك LG فوق سيرفيس,العبودي,1,700,650,540,0,0
هيتر تلاجة 12 KTM,ktm,3,90,70,60,0,1
هيتر تلاجة 14 KTM,ktm,3,90,70,60,0,1
طلمبة GM فريرة,GM,10,220,200,180,0,2
طلمبة KB فةق,kb,35,250,230,195,0,2
اكس اكوا حاتم,حاتم سيف,2,350,330,310,0,1
سير 1194 خشن الروضة,الروضة,5,120,100,85,0,2
مسمار استنلس (ريشة),استار,50,10,10,5,0,10
ليفيل lg فوق (فرط),ktm,10,120,100,65,0,2
ليفيل lg اصلي استار (استعمال),استار,8,120,100,85,0,2
بلية SKF وان  6203,وان > وان,0,100,90,85,100415,0
افيز 2 بوصة ربط,وان > وان,0,10,10,5,100486,0
افيز M2,متنوع,1,90,80,70,100487,1
اكرة مجمعه هاف توشيبا عام,وان > وان,0,20,20,15,100488,0
اكس اكوا زانوسي اصلي,وان > وان,0,420,400,375,100178,0
اكس اكوا سيرقيس,وان > وان,0,350,340,320,100158,0
اكس حله داخليه اكواتيك*,الكترولوكس,0,500,460,425,0,0
اكس العبد مانرو,وان > وان,0,470,450,420,100365,5
اكس العبد وان,وان > وان,0,580,560,540,100419,0
اكس ايكو استعمال,وان > وان,0,0,0,,100061,0
اكس تركي بلية 2&3,وان > وان,0,500,450,380,100407,0
اكس تركي بلية 3&5,وان > وان,0,500,450,380,100408,0
اكس تركي بليه 5&6,وان > وان,0,550,450,390,100411,0
اكس زانوسي العبد ايطالى سيرفيس,وان > وان,0,470,450,410,100160,0
اكس فيكتوريا 1400 لفة زانوسي اصلى,الكترولوكس,0,1100,1050,1000,100179,0
اكس فيكتوريا G20 اصلى*,الكترولوكس,0,900,850,800,100180,0
اكس فيكتوريا G22 اصلى,الكترولوكس,0,1000,950,900,100181,0
اكس فيكتوريا بطيخه خارج شركه,وان > وان,0,550,480,430,100489,0
اكس فيكتوريا بليه5&6 خارج شركه,وان > وان,0,0,0,,100490,0
اوفرلود توشيبا اصلي,وان > وان,0,0,0,,100237,0
اوكره كومفورت,وان > وان,0,0,0,,100492,0
اويل سيل 14 فرط ايطالي,وان > وان,50,50,35,29,100222,0
اويل سيل 18 -25/47 ايطالي,العبودي,0,70,55,50,100370,0
اويل سيل 30*55 كريازى ايطالى,وان > وان,0,70,55,50,100493,0
اويل سيل 30*52 الروضة,وان > وان,0,60,50,42,,0
اويل سيل 52*30*10 تايوان,وان > وان,0,50,30,20,100227,0
اويل سيل 52*35*10 تايوان,وان > وان,0,50,30,20,100228,0
اويل سيل 56*35*10 تايوان,وان > وان,0,50,30,20,100229,0
اويل سيل 62*35*10 تايوان,وان > وان,0,50,30,20,100230,0
اويل سيل 65.5*35*12,وان > وان,0,150,120,95,100161,0
اويل سيل 66*37*10 تايوان,وان > وان,0,50,30,20,100231,0
اويل سيل 66*40*10 تيوان,وان > وان,0,50,30,20,100232,0
اويل سيل 72*40 تايوان,وان > وان,0,60,40,30,100233,0
اويل سيل 88*47 تايوان,وان > وان,0,70,50,30,100234,0
اويل سيل LG اصلى,وان > وان,0,100,90,60,100045,0
اويل سيل LG وان,وان > وان,0,100,85,75,100421,0
اويل سيل ايطالي10*52*30 ايطالي,وان > وان,0,65,55,50.5,100162,0
اويل سيل ايليت ايطالى فرط,وان > وان,0,80,60,55,100223,0
اويل سيل اوتو بصامولة 12مل,العبودي,10,50,35,24,011ظ502,1
اويل سيل تورنيدو,وان > وان,0,40,30,25,100494,0
اويل سيل توشيبا 3ك 10ص,وان > وان,0,40,35,30,100163,0
اويل سيل رباط بصمولة نيو ستار,وان > وان,0,60,50,43,100414,0
اويل سيل زانوسي 18,وان > وان,0,65,55,50.5,100164,0
اويل سيل عصارة توشيبا صيني,وان > وان,0,40,30,25,100371,0
اويل سيل عصاره توشيبا اصلي,وان > وان,0,80,70,60,100238,0
اويل سيل عصاره توشيبا كوبي,وان > وان,0,60,50,44,100359,0
اويل سيل فريش اصلي,وان > وان,0,60,50,44,100362,0
اويل سيل فريش بصاموله,وان > وان,0,60,50,43,100347,0
اويل سيل فيكتوريا بدون تغليف,وان > وان,0,90,75,60,100360,0
اويل سيل فيكتوريا تايوان 35*62,وان > وان,0,40,30,20,100235,0
اويل سيل فيكتوريا زانوسي اصلى g22*,الكترولوكس,0,140,130,125,100182,0
اويل سيل فيكتوريا وان,وان > وان,0,120,110,100,100422,0
اويل سيل20*40 اصلي,وان > وان,0,0,0,,100224,0
اويل سيل21*40 ايطالى سيرفيس,العبودي,5,60,50,42,100225,1
اويل سيل35*52*10,وان > وان,0,50,30,20,100236,0
باب ايكو,وان > وان,0,350,350,300,100372,0
باب طومسون استعمال,وان > وان,0,250,200,150,100495,0
باب عصاره توشيبا 10ك,وان > وان,0,110,90,80,100239,0
باب عصاره توشيبا 12ك,وان > وان,0,120,95,85,100240,0
باب عصاره توشيبا 7ك,وان > وان,0,100,85,75,100241,0
باب فيكتوريا استعمال,وان > وان,0,0,0,,100496,0
بانل وايت ويل 8666 استعمال,وان > وان,0,0,0,,100497,0
بصمه اكوا,وان > وان,0,5,5,5,100498,0
بكرة ريشه سامسونج*,وان > وان,0,50,40,25,423944,0
بلي cec كندي 6203,وان > وان,0,60,50,45,100093,0
بلي cec كندي 6204,وان > وان,0,70,60,55,100094,0
بلي cec كندي 6205,وان > وان,0,80,70,65,100095,0
بلي cec كندي 6206,وان > وان,0,100,90,80,100096,0
بلي cec كندي 6306,وان > وان,0,0,0,,100097,0
بلي IKL صربيا,وان > وان,0,0,0,,100098,0
بلي kbc 6203 كوري,وان > وان,0,80,65,60,100099,0
بلي kbc كوري 6206,وان > وان,0,160,145,135,100100,0
بلي kbc كوري 6305,وان > وان,0,0,0,,100101,0
بلي koyo ياباني 6204,وان > وان,0,0,0,,100102,0
بلي koyo ياباني 6207,وان > وان,0,200,170,140,100103,0
بلي nachi ياباني 6206,وان > وان,0,0,0,,100104,0
بلي nachi ياباني 6305,وان > وان,0,170,150,120,100105,0
بلي nachi ياباني 6306,وان > وان,0,230,200,175,100106,0
بلي nsk بولندي 6002,وان > وان,0,80,70,60,029176012372,0
بلي nsk بولندي 6201,وان > وان,0,70,65,55,0029176063923,0
بلي nsk ياباني 6201,الزرقاوي,0,75,65,60,4549250151859,0
بلي NSK ياباني 6306,وان > وان,0,270,250,230,100110,0
بلي nsk ياباني 6307,وان > وان,0,0,0,,100111,0
بلي URB 6305 روماني,وان > وان,0,0,0,,100112,0
بلية nsk بولندي 6203DDU,وان > وان,-2,100,80,68,029176064098,0
بلية nsk بولندي dduc3 6204,الزرقاوي,10,110,95,87,029176064173,0
بلية nsk بولندي  DDU 6205,وان > وان,0,140,120,107,029176064203,0
بلية nsk بولندي 6206zzc3,وان > وان,10000,180,160,145,029176014574,0
بلية nsk ياباني 6203,وان > وان,0,0,0,,100117,0
بلية nsk ياباني 6206,وان > وان,0,200,180,160,100118,0
بلية SKF وان 6206,وان > وان,0,240,220,200,100424,0
بلية SKF وان 6304,وان > وان,0,120,105,95,100425,0
بادي توشيبا 10ك هاف استنلس حر,وان > وان,0,700,670,630,100466,0
بادي توشيبا 10ك هاف صاج تقيل*,وان > وان,0,530,500,460,100467,0
بادي توشيبا 12ك هاف استنلس حر*,وان > وان,0,730,700,670,100468,0
بادي توشيبا 12ك هاف صاج,وان > وان,0,500,470,430,100469,0
بادي توشيبا 5*6ك هاف استنلس حر,وان > وان,0,550,530,500,100470,0
بادي توشيبا 5*6ك هاف صاج تقيل,وان > وان,0,380,350,330,100471,0
بادي توشيبا 7ك هاف استنلس حر,وان > وان,0,550,530,500,100472,0
بادي توشيبا 7ك هاف صاج تقيل*,وان > وان,0,400,380,330,100473,0
بادي توشيبا 7ك هاف صاج خفيف,وان > وان,0,300,280,250,100474,0
بادي توشيبا 8ك فوق استنلس حر,وان > وان,0,800,770,735,100475,0
بادي توشيبا 8ك فوق صاج تقيل جدا,وان > وان,0,650,600,570,100476,0
بادي توشيبا 8ك فوق صاج ثقيل,وان > وان,0,580,550,520,100477,0
بادي توشيبا 8ك فوق نيكل كروم,وان > وان,0,700,670,635,100478,0
بادي صاج غ توشيبا 10*11ك ابيض,وان > وان,0,900,850,740,100242,0
بادي صاج غ توشيبا 10*11ك سلفر,وان > وان,0,950,900,770,100243,0
بادي صاج غ توشيبا 10ك هاف اصلى,وان > وان,0,800,750,650,100244,0
بادي صاج غ توشيبا 12ك هاف اصلى,وان > وان,0,850,800,720,100245,0
بادي صاج غ توشيبا 13*15*17ك أبيض,وان > وان,0,1050,1000,830,100246,0
بادي صاج غ توشيبا 6ك هاف اصلى,وان > وان,0,650,600,520,100247,0
بادي صاج غ توشيبا 7ك هاف اصلى,وان > وان,0,650,600,530,100248,0
بادي صاج غ توشيبا 8ك فوق اصلي,توشيبا العربي,2,800,800,700,100249,0
بادي فيكتوريا 7ك صاج,وان > وان,0,2100,2100,2000,100207,0
بادي فيكتوريا 7ك صاج new,وان > وان,0,2100,2100,2000,100208,0
بادي فيكتوريا 7ك صاج فضى,وان > وان,0,2200,2200,2100,100209,0
بادي فيكتوريا فضى,وان > وان,0,2200,2200,2100,100210,0
بادي زانوسي 18,وان > وان,0,1350,1150,1000,100084,0
بادي كومفورت,وان > وان,0,1500,1400,1200,100085,0
بوردة توشيبا 8ك اصلي الجديدة,وان > وان,0,1000,950,850,2014382279,0
بوردة توشيبا 9770*1150*1170*1190 اصلى,وان > وان,0,950,900,850,100250,0
بوردة زانوسي فوق بالكابل,وان > وان,0,950,875,775,100500,0
بوردة سامسونج,وان > وان,0,1000,950,850,100501,0
بوردة كريازى تلاجة اصلى,وان > وان,0,1000,950,800,100364,0
بوردة وايت بوينت مصري,وان > وان,0,1200,1200,900,100579,0
بوردة يونيون اير 13ك,وان > وان,0,950,875,775,100398,0
بورده 7m زانوسي,وان > وان,0,2700,2550,2500,100211,0
بورده زانوسي550,وان > وان,0,1600,1550,1450,100212,0
بورده فيكتوريا 580*,الكترولوكس,0,1850,1800,1750,-247929033,0
بورده فيكتوريا 7100*,الكترولوكس,0,1850,1800,1750,100213,0
بورده فيكتوريا 8100*,الكترولوكس,0,1850,1800,1750,-247929051,0
بورده فيكتوريا SW650,الكترولوكس,0,1800,1750,1650,100214,0
تاكو lg حاتم,وان > وان,0,300,250,210,100310,0
تاكو توشيبا 8ك,وان > وان,0,150,100,80,100251,0
تايم,وان > وان,0,75,80,55,100123,0
تايمر 10 طرف 1009*,الكترولوكس,0,1400,1350,1250,100215,2
تايمر 3 طرف محمد السيد,وان > وان,0,70,50,40,100395,0
تايمر اكواتيك,وان > وان,0,1350,1300,1225,,0
تايمر اكواتيك شركة*,الكترولوكس,5,1400,1350,1250,310093208,1
تايمر العبد حاتم,حاتم سيف,2,1000,1000,950,100311,1
تايمر عصاره توشيبا 10*12ك  اصلي,وان > وان,0,100,80,70,2014385379,0
تايمر عصاره توشيبا 6*7ك  هاف اصلي,وان > وان,0,100,80,70,2014385362,0
تايمر غسيل غ توشيبا اصلى 6*7*10*12ك هاف,وان > وان,0,150,130,110,2014385317,0
ترس جيربوكس توشيبا 8*10*11ك,وان > وان,0,170,150,85,100252,0
ترس جيربوكس توشيبا 8*10*11ك  استعمال,وان > وان,0,100,60,30,100077,0
ثيرموديسك تيلاندى توشيبا,النيل,0,120,100,80,,0
جربوكس فوق صاجة كاملة اكس قصير 1,وان > وان,0,0,0,,100502,0
جربوكس وايت بيونت نصف صاجه,وان > وان,0,0,0,,100503,0
جريبوكس العبد اكس مربع 6 مسمار طويل,وان > وان,0,155,135,120,100121,0
جريبوكس توشيبا ستار,وان > وان,0,170,150,135,100348,0
جريبوكس ديكس 6 مسمار مشرشر اكس عريض,وان > وان,0,170,150,135,100029,0
جريبوكس زانوسى فوق 12ك سيرفيس,وان > وان,0,0,0,,100124,0
جريبوكس زانوسي gm,وان > وان,0,1000,950,850,100033,0
جريبوكس سامسونج gm,وان > وان,0,1000,910,810,100034,0
جريبوكس ستار مربع قصير,وان > وان,0,160,150,135,100349,0
جريبوكس صاجه كامله اكس واطى 4مسمار gm,وان > وان,0,1000,950,850,100035,0
جريبوكس فريش هاف الشبح,وان > وان,0,170,150,130,100119,0
جريبوكس وايت بوينت 1/2 صاجه gm,وان > وان,0,950,900,800,100036,0
جلبة توشيبا هاف 10*12ك اصلى,وان > وان,0,400,370,250,2014385119,0
جلبة توشيبا هاف 7ك اصلى,وان > وان,20,150,140,120,034/025,0
جلبة هاف فريش مربع 3ك,وان > وان,5,0,0,,034/025,0
جلبه توشيبا 6ك هاف,وان > وان,0,0,0,,100504,0
جوان LG سيرفيس 2 THD.,العبودي,0,700,670,590,100046,0
جوان LG فايز 1 EPDM وان,وان > وان,0,580,550,525,100426,0
جوان LG فايز 3 وان,وان > وان,0,800,750,700,100427,0
جوان LG مانرو,مانرو,0,650,600,550,100125,0
جوان اكواتك EPDM وان,وان > وان,0,420,400,375,100428,0
جوان اكواتك حاتم,وان > وان,0,400,380,350,100314,0
جوان اكواتك سيرفيس,العبودي,0,430,400,380,1935436480,0
جوان العبد بكيرف وان,وان > وان,2,630,600,550,100429,0
جوان العبد بكيرف سيرفيس,وان > وان,0,500,440,400,,0
جوان العبد حاتم (اصلى),وان > وان,0,670,650,600,009ز079ز005,0
جوان ايليت (كومفورت),وان > وان,0,0,0,,100505,0
جوان ايليت زانوسي,وان > وان,0,530,510,475,100183,0
جوان زانوسى 18 حاتم,وان > وان,0,330,280,260,100318,0
جوان زانوسي  m2 ebdm وان,وان > وان,0,370,350,330,100430,0
جوان زانوسي m2 EPDM سيرفيس,العبودي,5,400,380,360,1935436480,2
جوان زانوسي ايجل,وان > وان,0,330,300,275,100216,0
جوان طومسن حاتم,وان > وان,-1,0,0,,100319,0
جوان فيكتوريا اصلى,الكترولوكس,0,600,550,520,100184,0
جوان فيكتوريا وان,وان > وان,0,550,520,500,100431,0
جوان فيليبس بدون شفه وايريول,وان > وان,0,0,0,,100506,0
جوان كريازى ايجل,وان > وان,0,350,320,295,100217,0
جوان كريازى تقيل,وان > وان,0,0,0,,100507,0
جوان كريازى ديناصور,العبودي,0,852,822,762,1935436480,0
جوان كريازي EBDM حاتم,وان > وان,0,0,0,,100508,0
جوان كمفورت اصلي شركه*,الكترولوكس,0,600,600,550,100185,0
جوان وايت بوينت تركي سيرفيس,وان > وان,0,0,0,,423899,0
جوان وايت ويل,وان > وان,0,0,0,,100509,0
جوان وايت ويل سرفيس,وان > وان,0,600,550,500,100126,0
جيربوكس LG مشمش,وان > وان,0,1100,1050,950,100399,0
جيربوكس العبد اكس مربع 6 مسمار يونيون تك,وان > وان,0,155,135,120,100122,0
جيربوكس الكمال نص صاجه,وان > وان,0,0,0,,100510,0
جيربوكس توشيبا هاف  بيكالو,وان > وان,0,220,200,190,100226,0
جيربوكس ديكس 6 مسمار مشرشر اكس رفيع,وان > وان,0,170,150,135,100030,0
جيربوكس زانوسي فوق 7*9ك اصلى,وان > وان,0,1000,950,875,100186,0
جيربوكس سامسون (اصفر),وان > وان,0,0,0,,100345,0
جيربوكس سامسونج 10/11ك مشمش,وان > وان,0,1050,1000,950,100400,0
جيربوكس سامسونج 8ك اكس مربع,وان > وان,0,850,800,695,100127,0
جيربوكس ستار اكس ع مشرشر (احمر),وان > وان,0,170,155,135,100053,0
جيربوكس ستار اكس مربع (اخضر) توشيبا هاف,وان > وان,0,170,155,135,100054,0
جيربوكس ستار اكس مربع (ازرق) فريش هاف,وان > وان,0,170,155,135,100055,0
جيربوكس ستار اكس مربع (اصفر),وان > وان,0,170,155,135,100056,0
جيربوكس صاجه كامله 4 مسمار اكس ع  MHM,وان > وان,0,1050,1000,950,100401,0
جيربوكس صاجه كامله 4مسمار اكس ق MHM,وان > وان,0,0,0,,100402,0
جيربوكس صاجه كامله اكس عالي 4مسمار gm,وان > وان,0,1000,950,850,100037,0
جيربوكس صاجه كامله اكس عالي 6مسمار KB,وان > وان,0,0,0,,100039,0
جيربوكس غ توشيبا 10ك فوق,وان > وان,0,2600,2550,2300,100253,0
جيربوكس غ توشيبا 8ك فوق,توشيبا العربي,0,1750,1650,1600,2014382163,0
جيربوكس نص صاجه MHM,وان > وان,0,0,0,,100511,0
جيربوكس وايت بوينت MHM صاجه كامله,وان > وان,0,0,0,,100512,0
جيربوكس وايت بوينت MHM نص صاجه,وان > وان,0,1050,1000,950,100403,0
جيربوكس يونفيرسال 5.5ك 2ترس اصلى,وان > وان,0,900,800,700,100373,0
جيربوكس يونفيرسال نص صاجه عبودي,وان > وان,0,0,0,,100513,0
جيريبوكس توشيبا  10ك هاف ستار,وان > وان,0,170,150,135,100350,0
جيريبوكس يونفرسال 5.5ك مشمش,وان > وان,0,1050,1000,950,100404,0
حساس سخان ترامل,وان > وان,0,50,40,35,100078,0
حلة LG,وان > وان,0,800,700,375,100047,0
حلة LG بالمجفف 7ك 3مساعد,وان > وان,0,850,750,450,100048,0
حلة اكواتك جزء الخلفى بالبلى,الكترولوكس,0,1500,1400,1200,100187,0
حلة وايت بوينت,وان > وان,0,0,0,,100514,0
حله توشيبا 10*11ك,وان > وان,0,700,650,580,100254,0
حله توشيبا 10ك هاف,وان > وان,0,600,550,500,100255,0
حله توشيبا 12ك هاف,وان > وان,0,630,580,530,100256,0
حله توشيبا 7ك هاف,وان > وان,0,500,480,450,100257,0
حله توشيبا 8ك,وان > وان,0,650,600,530,100258,0
حله يونيون 10ك اصلي,وان > وان,0,750,700,575,100482,0
حله يونيون 13ك اصلي,وان > وان,0,750,700,575,100483,0
خابور مساعد استعمال,وان > وان,0,0,0,,100515,0
خرطوم  سحب  هاف توشيبا اصلي,وان > وان,0,50,50,45,100516,0
خرطوم توشيبا هاف كوبي,وان > وان,0,35,25,17,100517,0
خرطوم درج للصابون اكواتك زانوسي اصلى,الكترولوكس,0,200,185,175,100188,0
خرطوم درج للصمام وايت ويل,وان > وان,0,0,0,,100518,0
خرطوم سحب 1.5 م ايجل,وان > وان,0,100,90,80,100218,0
خرطوم سحب 1.5 م وان,وان > وان,0,100,90,80,100432,0
خرطوم سحب 1.5م حاتم,وان > وان,0,90,85,72,100320,0
خرطوم سحب 3 م مصرى,وان > وان,0,95,85,73,100519,0
خرطوم سحب 3 م وان,وان > وان,0,140,130,120,100433,0
خرطوم سحب 3م مانرو,وان > وان,0,0,0,,100366,0
خرطوم سحب توشيبا 8 اصلى,وان > وان,0,80,70,60,100259,0
خرطوم صرف استعمال,وان > وان,0,0,0,,100520,0
خرطوم صرف بكوع 3 م,وان > وان,0,0,0,,100521,0
خرطوم طرد 1.5 م حاتم,وان > وان,0,60,55,46,100321,0
خرطوم طرد بكوع 1.5م سيرفيس*,العبودي,5,56,46,36,100128,2
خرطوم طرد توشيبا هاف بدون طلمبة اصلى,وان > وان,0,70,60,55,100260,0
خرطوم طرد طلمبة توشيبا هاف اصلي,وان > وان,0,100,95,90,100261,0
خرطوم طرد كوع واسع,وان > وان,0,120,110,95,100434,0
خرطوم طرد هاف سيرفيس سلم 210 *,العبودي,0,50,40,21,100129,0
خرطوم فائظ توشيبا هاف اصلي,وان > وان,0,0,0,,100262,0
خرطوم فايظ10-11ك توشيبا اصلي,وان > وان,0,0,0,,100263,0
خوصة سفلي,وان > وان,0,45,35,25,100479,0
خوصة علوى,وان > وان,0,60,50,40,100480,0
درج اكواتيك خارجي,وان > وان,0,0,0,,100522,0
درج بومباني استعمال,وان > وان,0,0,0,,100079,0
رجل خلفية توشيبا 8ك,وان > وان,0,50,45,40,2014384631,0
رجل ضبط توشيبا 10*11ك,وان > وان,0,40,35,25,2014384584,0
روزتة موتور اكواتك*,وان > وان,0,50,40,30,100523,0
ريشة العبد مربعة صورة مستوردة,وان > وان,0,150,130,100,100524,0
ريشة غ  8ك فريش فوق,وان > وان,0,0,0,,100525,0
ريشة غ  LG,وان > وان,0,200,150,120,100526,0
ريشة غ  n3 مستورده,وان > وان,0,0,0,,100527,0
ريشة غ  n3 مصري,وان > وان,0,0,0,,100528,0
ريشة غ  s.s عاديه,وان > وان,0,0,0,,100529,0
ريشة غ  توشيبا 10ك فوق اصلي,وان > وان,0,200,175,145,100265,0
ريشة غ  وايت بوينت 36سم,وان > وان,0,0,0,,100530,0
ريشة غ  وايت بوينت 40سم,وان > وان,0,0,0,,100531,0
ريشة غ  يونفيرسال 33*37.5 سم سيرفس *,العبودي,5,144,102,78,100130,2
ريشة غ  يونيون اير 8 ك,وان > وان,0,200,180,140,100131,0
ريشة غ LG صغيرة,وان > وان,0,150,130,85,100532,0
ريشة غ LG كبيرة,وان > وان,0,170,150,100,100533,0
ريشة غ n2 صغيره مستورده,وان > وان,0,100,80,65,100534,0
ريشة غ s.s مستورده 33سم,وان > وان,0,0,0,,100535,0
ريشة غ توشيبا 10ك هاف,وان > وان,0,130,100,85,100266,0
ريشة غ توشيبا 12ك  هاف اصلي,وان > وان,0,140,110,90,100267,0
ريشة غ توشيبا 7ك هاف اصلي,وان > وان,0,80,75,65,100268,0
ريشة غ توشيبا 8 ك فوق اصلى,وان > وان,0,170,140,120,100269,0
ريشة غ زانوسي فوق  9ك العبودي,وان > وان,0,100,80,63,100132,0
ريشة غ يونفيرسال 5ك,وان > وان,0,120,85,63.75,100133,0
ريشة غ يونفيرسال 9ك 37سم اكواموب,وان > وان,0,100,80,52.5,100134,0
ريشة غ يونيون اير 10*13 ك,وان > وان,0,170,150,84,100135,0
ريشة غ يونيون اير 41سم اصلي,وان > وان,0,250,230,195,100484,0
ريشةغ زانوسي فوق 7.5ك العيودي,وان > وان,0,100,80,63,100136,0
سلك فرامل سوفلى*افقى7*10*12ك هاف توشيبا,وان > وان,0,60,50,40,100270,0
سله توشيبا اصليه 10/11ك,وان > وان,0,1350,1300,1200,100271,0
سله توشيبا اصليه 8ك,وان > وان,1,1050,1000,900,100272,0
سله عصر توشيبا هاف 10/12ك,وان > وان,0,600,570,550,100273,0
سوستة باب عصاره هاف توشيبا اصلى,وان > وان,0,20,15,10,100274,0
سوستة صمام صرف هاف,وان > وان,0,20,15,10,100275,0
سوستة فرامل هاف عام توشيبا,وان > وان,0,20,15,10,100276,0
سويتش طلمبة توشيبا هاف 10*12ك,وان > وان,0,140,130,125,100277,0
سويتش طلمبة توشيبا هاف 7ك,وان > وان,0,140,130,115,ُ010021لآ10ً’100160,0
سير  توشيبا اصلى 5*6ك هاف,وان > وان,0,90,80,55,100278,0
سير 1064 استار الماني,وان > وان,0,130,110,90,100057,0
سير 1196 وان,وان > وان,10,180,160,140,100322,3
سير 1196 فيكتوريا اصلى,الكترولوكس,0,320,310,290,100189,0
سير 1217 الروضه*,وان > وان,0,120,90,80,100088,0
سير 1217 حاتم,وان > وان,0,0,0,,100323,0
سير 1217 سيرفيس*,العبودي,1000,110,90,71,116ظ214,0
سير 1217 وان (اكواتك),وان > وان,0,150,140,125,100435,0
سير 1227 استعمال,وان > وان,0,80,50,40,100080,0
سير 1228 استعمال,وان > وان,0,80,50,40,100081,0
سير 1287 الروضة,وان > وان,0,150,130,105,100089,0
سير 1287,وان > وان,0,180,160,145,100324,0
سير 14 سيرفيس,العبودي,0,130,115,105,100138,0
سير 14 (3l518)(3l512)وان*,وان > وان,0,155,145,135,100436,0
سير 18 سيرفيس,وان > وان,0,160,145,131,,0
سير 18 وان ( 543 )*,وان > وان,0,180,170,160,100437,0
سير 500 ماليزي,وان > وان,0,40,30,25,100374,0
سير توشيبا اصلى 10*11ك فوق,وان > وان,0,90,80,70,100279,0
سير توشيبا اصلى 10*12ك هاف,وان > وان,0,90,80,70,2014385232,0
سير توشيبا اصلي 8ك فوق*,وان > وان,0,90,80,70,2014384037,0
سير توشيبا اصلي7 ك هاف,وان > وان,0,90,80,70,100280,0
سير فيكتوريا G22 اصلى*,الكترولوكس,0,300,285,275,100576,0
شداد كامة توشيبا 10*12ك هاف ( وير صرف),وان > وان,0,30,20,15,2014385695,0
شداد كامة توشيبا 6*7ك هاف ( وير صرف),وان > وان,0,30,20,15,100281,0
شربون IIG,وان > وان,0,65,40,30,100139,0
شربون كبير سيرفيس,العبودي,5,70,55,44.25,100140,2
صليبة lg  فوق 10ك ٢٠.٥سم,وان > وان,0,250,220,170,100574,0
صليبة يونيفرسال 10ك*LG فوق,وان > وان,0,250,220,170,100165,0
صلية lg فوق 13ك,وان > وان,0,280,250,230,100575,0
صمام مياة اكواتيك روبرت شو *,وان > وان,20,140,120,110,1264110,0
صمام العبد مفرد عدل حاتم,وان > وان,0,150,130,120,100327,0
صمام توشيبا  8ك كوبي  kb,وان > وان,0,70,70,57,100040,0
صمام توشيبا 8ك فوق اصلي,وان > وان,0,180,160,145,2014384112,0
صمام توشيبا 8ك كوبي 1 فوق,وان > وان,0,100,80,70,100375,0
صمام توشيبا بارد 13*15*17ك,وان > وان,0,230,210,200,100282,0
صمام توشيبا فوق كوبي10ك*,وان > وان,0,150,125,105,100589,0
صمام توشيبا كوبي 2  فوق اتوماتيك,وان > وان,0,70,60,50,100376,0
صمام توشيبا10ك اصلي,وان > وان,0,230,190,170,100283,0
صمام ثلاثي  سامسونج فوق ازرق اصلى,وان > وان,0,200,170,120,100062,0
صمام ثلاثي عدل سيرفيس,وان > وان,0,280,260,240,100166,0
صمام عدل مفرد حاتم (عبد),حاتم سيف,15,150,120,95,100329,0
صمام فريش حديث,وان > وان,0,150,130,90,,0
صمام فوق مجوز سامسونج اصلي,وان > وان,0,120,110,70,100377,0
صمام فوق مجوز كمفورت استعمال,وان > وان,0,110,100,80,100082,0
صمام فيكتوريا اصلي*,الكترولوكس,1000,300,290,275,100190,0
صمام كمفورت وان*,وان > وان,0,260,240,220,100441,0
صمام مجوز توشيبا الحمد,وان > وان,0,150,130,110,100086,0
صمام مجوز زاوية حاتم*,حاتم سيف,6,140,125,115,100331,0
صمام مجوز زاوية وان*,وان > وان,0,270,240,220,100442,0
صمام مجوز عدل ايليت زانوسي*,الكترولوكس,0,250,240,220,100191,0
صمام مجوز عدل حاتم*,حاتم سيف,6,270,240,220,_1320511,0
صمام مجوز عدل حاتم  (كمفورت ),وان > وان,0,230,210,200,100332,0
صمام مجوز عدل ايليت,الكترولوكس,0,240,220,200,100443,0
صمام مجوز مسطرة فوق ضيق ستار,وان > وان,0,150,130,105,100351,0
صمام مجوز مسطرة فوق واسع,وان > وان,0,150,130,110,100352,0
صمام مجوز مسطرة يونفرسال استار,وان > وان,0,140,130,105,100353,0
صمام مفرد زاوية حاتم*,وان > وان,0,140,120,110,100333,0
صمام مفرد زاوية سيرفيس*,العبودي,100,120,105,94.5,153ظ003,0
صمام مفرد زاوية,الكترولوكس,0,150,110,100,100192,0
صمام مفرد زاوية وان,وان > وان,0,150,130,115,100444,0
صمام مفرد سامسونج فوق اوتوماتيك,وان > وان,0,100,70,60,100042,0
صمام مفرد عدل سيرفيس*,وان > وان,0,120,105,94.5,153ظ004,0
صمام مفرد عدل وان*,وان > وان,0,150,130,115,100028,0
صمام وايت بوينت فوق مجوز,وان > وان,0,270,240,215,100177,0
صمام وايت ويل ثلاثي,وان > وان,0,280,260,240,100167,0
صمام يونفرسال مفرد فوق ابيض,وان > وان,0,80,60,45,100378,0
صمام يونفرسال مفرد فوق اتوماتيك,وان > وان,0,90,70,60,100354,0
صمولة كلاتش صغيرة*,وان > وان,0,45,35,25,100168,0
ضفيرة توشيبا 10/11ك اصلى,وان > وان,0,300,270,250,100284,0
ضفيرة توشيبا 8ك اصلى,وان > وان,5,270,240,225,100285,0
طقم اكر 14 حاتم,وان > وان,0,80,75,65,100334,0
طقم اكره 18 الروضة,وان > وان,0,80,75,65,100090,0
طقم اوكر 18 حاتم*,وان > وان,0,90,75,65,100335,0
طقم بلي 14  وان*,وان > وان,0,250,230,210,100445,0
طقم بلي m2 14 بلية 6203,الكترولوكس,0,200,175,165,100051,0
طقم بلي m2 18 بلية 6204,وان > وان,0,220,200,190,100193,0
طقم بلي اكواتك بلية 6203 *,الكترولوكس,0,200,185,175,100194,0
طقم بلي فيكتوريا بلية 6205/6206 وان,الكترولوكس,0,490,450,420,100195,0
طقم شربون الماني اصلي ضيق,وان > وان,0,150,100,80,100379,0
طقم شربون الماني اصلي عريض,وان > وان,0,150,100,80,100380,0
طقم شربون صيني,وان > وان,0,40,25,15,100091,0
طقم قواعد اتزان اكواتك,وان > وان,0,50,40,25,100536,0
طقم قواعد كاوتش سن رفيع,وان > وان,0,35,20,17,100537,0
طقم قواعد اكواتك 1,متنوع,20,50,40,30,100538,5
طقم قواعد موتورعصر 10/12ك هاف,وان > وان,0,150,130,110,100286,0
طقم مساعد 52 سم عادى فوق,وان > وان,0,130,120,85,100169,0
طقم مساعد 54 سم dex فوق,وان > وان,0,220,200,165,100031,0
طقم مساعد 54 سم فوق,وان > وان,0,350,300,250,100405,0
طقم مساعد 57سم مشمش فوق,وان > وان,0,350,300,250,100406,0
طقم مساعد اسود فرط,وان > وان,0,120,100,90,100539,0
طقم مساعد اكواتك زانوسي,وان > وان,0,200,185,175,100196,0
طقم مساعد اكواتك N80 وان,وان > وان,0,200,190,170,100446,0
طقم مساعد العبد حاتم,وان > وان,0,200,170,160,100337,0
طقم مساعد العبد سيرفيس,وان > وان,0,180,160,140,100170,0
طقم مساعد العبد وان,وان > وان,0,200,190,170,100447,0
طقم مساعد ايليت 4 بنز,وان > وان,0,150,140,130,100038,0
طقم مساعد ايليت 4 بنز وان,وان > وان,0,250,230,225,100448,0
طقم مساعد فيكتوريا 120 n,وان > وان,0,200,170,150,100197,0
طقم مساعد وايت بوينت ستار,وان > وان,0,170,150,130,100355,0
طقم مسمار 10 استلس فوق,وان > وان,0,30,20,13,100381,0
طقم مسمار 17 استلس,وان > وان,0,50,45,37,2014384454,0
طقم مسمار حلة اكوا 13,وان > وان,0,30,20,15,100588,0
طقم مسمار حلة اكوا سيرفيس*,العبودي,0,72,62,52,100171,0
طقم مسمار حلة اكوا شركة,وان > وان,0,60,50,45,100198,0
طقم مسمار حلة رام 8قطع,وان > وان,0,70,50,44.25,034ظ025,0
طقم ودان  اكواتك,وان > وان,0,50,40,20,100580,0
طقم ودان  كمفورت,وان > وان,0,50,40,20,100356,0
طلمبة 8 بنز وان,وان > وان,0,380,350,325,,0
طلمبة  40 وات سيرفيس,وان > وان,0,320,295,282,100172,0
طلمبة  LG سيرفيس 22 فولت,وان > وان,0,700,670,620,100173,0
طلمبة 30 وات حاتم,وان > وان,0,350,340,320,005ز003ز012,0
طلمبة 30 وات سيرفيس,العبودي,0,410,390,378,593077213,0
طلمبة 30 وات وان,وان > وان,25,420,400,380,100449,5
طلمبة 40 وات وان*,وان > وان,0,380,370,350,100450,0
طلمبة askol صيني,وان > وان,0,200,170,150,100382,0
طلمبة استعمال,وان > وان,0,100,100,80,100063,0
طلمبة الصخره,وان > وان,0,220,200,180,100120,0
طلمبة العبد حاتم Inactive,وان > وان,0,0,0,,100312,0
طلمبة العبد لف مربع ون,وان > وان,0,370,350,330,100451,0
طلمبة العبودي صيني,وان > وان,0,200,175,160,100175,0
طلمبة توشيبا فوريرة هاف,وان > وان,0,320,290,270,100287,0
طلمبة طرد العبد وش مربع,الكترولوكس,0,390,360,340,442374,0
طلمبة طرد توشيبا 7ك هاف اصلى,وان > وان,0,300,250,220,2014382620,0
طلمبة طرد توشيبا 8*10*11ك فوق,وان > وان,0,350,300,295,100288,0
طلمبة طرد توشيبا اتوماتيك,وان > وان,0,350,300,270,100577,0
طلمبة طرد جميع فوريره زانوسي*,الكترولوكس,0,300,285,275,163ظ163,0
طلمبة فوق اتوماتيك ستار,وان > وان,0,270,250,220,100001,0
طلمبة فيكتوريا اصلى,وان > وان,0,300,250,210,100176,0
طلمبة لف GM,وان > وان,0,250,230,195,100540,0
طمبورة جلبة 7*10*12ك هاف توشيبا اصلى,وان > وان,0,80,70,65,100289,0
طمبورة عصارة فريش,وان > وان,0,55,45,35,100541,0
طمبورة غسيل فريش 3ك,وان > وان,0,50,40,26,0,0
طمبوره جريبوكس 8ك توشيبا اصلي,وان > وان,0,80,70,40,100290,0
عود المونيوم,وان > وان,0,100,75,15,100542,0
فريم 18 عبودى,وان > وان,0,50,40,30,100142,0
فلتر العبد استارت 1,وان > وان,7,60,50,35,100383,0
فلتر توشيبا اصلى 8ك فوق,وان > وان,0,60,55,50,2014384860,0
فلتر توشيبا اصلى13*15*17ك فوق,وان > وان,0,90,85,75,100291,0
فلتر توشيبا اصلي 7-10-12ك هاف*,وان > وان,0,45,35,30,6221127030549,0
فلتر غ توشيبا ٧ك صيني,وان > وان,0,15,25,11,100582,0
قاعدة غ هاف 10ك توشيبا,وان > وان,0,240,230,210,100578,0
قاعدة غ هاف 12ك توشيبا,وان > وان,0,250,240,220,100292,0
قاعدة غ هاف 7ك توشيبا,وان > وان,0,230,220,200,100293,0
قفيز حله m2,وان > وان,0,75,65,55,100583,0
كاب باب عصر ازرق هاف عام توشيبا,وان > وان,0,45,45,40,100543,0
كافر استعمال العبد,وان > وان,0,100,60,50,100384,0
كافر بالفلتر العبد استعمال,وان > وان,0,150,100,90,100064,0
كافر بالفلتر تركي اصلي,وان > وان,0,120,100,90,100385,0
كافر طلمبة توشيبا,وان > وان,0,50,30,20,100294,0
كامة صرف طلمبة*بدون طلمبة توشيبا اصلي,توشيبا العربي,0,20,15,10,2014385665,0
كامه اختيار سرعات,وان > وان,0,10,10,5,100544,0
كاوتشه (رداخ ) صمام صرف توشيبا 10-11ااصلي فوف,توشيبا العربي,0,40,35,30,2014614745,0
كاوتشه صمام صرف توشيبا6*7ك هاف (حشو),وان > وان,0,20,15,10,2014385825,0
كفر بالفلتر هوفر استعمال,وان > وان,0,120,100,90,100083,0
لوك 18 ايجل,وان > وان,0,260,240,225,100220,0
لوك 18 حاتم,وان > وان,0,0,0,,100339,0
لوك7m سيرفس*,وان > وان,0,150,130,95,148ظ102,0
لوك LG وان,وان > وان,0,480,450,420,100453,0
لوك m2 سيرفيس,وان > وان,0,240,220,205,148ظ022,0
لوك m2 وان,وان > وان,0,270,250,235,100454,0
لوك معدل t *,العبودي,0,180,200,155,148/038,0
لوك اكوا اسود في ابيض سيرفيس*,العبودي,0,215,200,185,148ظ006,0
لوك اكوا ون*,وان > وان,0,200,185,170,423735,0
لوك اكواتك حاتم سيف *,حاتم سيف,6,250,230,210,100340,0
لوك بوش (148130),وان > وان,0,470,450,410,100145,0
لوك بيكو وان,وان > وان,0,220,200,185,100456,0
لوك زانوسي m2 ايجل,وان > وان,0,250,230,215,100221,0
لوك زانوسي اصلى*,الكترولوكس,0,320,300,275,100199,0
لوك سامسونج سيرفيس,وان > وان,0,200,190,160,100146,0
لوك فاملي اصلي,الكترولوكس,5,300,270,250,100200,0
لوك فاميلي كير وان,وان > وان,10,300,290,265,0,0
لوك فيستيل 5M ايطالي,وان > وان,0,200,180,160,100147,0
لوك فيستيل وان*,وان > وان,0,240,215,195,100458,0
لوك كاندى وان,وان > وان,0,240,215,195,100459,0
لوك كريازى عادى,حاتم سيف,2,260,240,220,100341,1
لوك كومفورت سيرفيس,وان > وان,0,120,100,77.25,100148,0
لوك هايير سيرفس *,وان > وان,0,575,545,515,0148ظ108,0
لوك وايت بوينت (مصرى) سيرفيس,وان > وان,0,220,210,200,100150,0
لوك وايت بوينت nlc,وان > وان,0,120,100,85,100050,0
لوك وايت بوينت ابيض احمر وان,وان > وان,0,250,235,210,100460,0
لوك وايت بوينت ابيض اسود وان,وان > وان,0,280,250,230,100461,0
لوك وايت بوينت تركي سيرفس,وان > وان,0,200,180,160,100151,0
لوك وايت ويل,وان > وان,0,0,0,,100545,0
لوك  (اجنس) وايت ويل سيرفس *,وان > وان,0,250,230,215,148ظ081,0
لوك وايت ويل استعمال,وان > وان,0,120,100,90,100065,0
لوك يونفيرسال ايكو اصلي 7 طرف,وان > وان,2,350,350,290,100481,1
لمبة ثلاجة توشيبا اصلى,ثلاجة,0,80,75,70,,0
ليفيل اكوا استعمال,وان > وان,0,100,80,70,100066,0
ليفيل تركي استعمال,وان > وان,0,100,80,70,100067,0
ليفيل توشيبا اصلي فوق 10*11ك,وان > وان,2,170,150,100,100295,0
ليفيل زانوسي اصلي,وان > وان,0,0,0,,100546,0
ليفيل فيكتوريا,وان > وان,0,0,0,,100547,0
ليفيل فيكتوريا استعمال,وان > وان,0,120,100,90,100068,0
ليفيل فيكتوريا اصلي,وان > وان,0,250,220,195,100201,0
ليفيل وايت بوينت ايطالي استعمال,وان > وان,0,120,0,90,100069,0
ليفيل يونيفرسال فوق اتوماتيك اصلي,وان > وان,0,0,0,,100548,0
مانع تسريب 14,وان > وان,0,15,10,5,100549,0
مجموعة صرف توشيبا هاف 10-12ك,وان > وان,0,100,90,65,100296,0
مجموعه صرف 8ك فوق اصلي,وان > وان,0,110,100,55,100297,0
مجموعه صرف10*11ك فوق اصلي,وان > وان,0,110,100,60,100298,0
مروحة سامسونج,ثلاجة,0,300,250,180,,0
مفتاح الغاء اكوا,وان > وان,0,0,0,,100070,0
مفتاح الغاء14 حاتم*,وان > وان,0,200,190,175,100343,0
مفصله باب وايت بوينت,وان > وان,0,80,50,40,100071,0
مفصله كومفورت,وان > وان,0,60,50,35,100092,0
مقبض lg,وان > وان,5,0,0,,100550,0
مقبض بيكو اسود سيرفيس*,وان > وان,0,457,407,277,100153,0
مقبض زانوسي (139/94),وان > وان,0,0,0,,100202,0
مقبض فاميلي استعمال اصلي,وان > وان,0,0,0,,100551,0
مقبض فاميلي اصلي*,وان > وان,10,150,140,130,100203,0
مقبض فاميلي سيرفيس,وان > وان,0,85,70,52.5,100154,0
مقبض فيكتوريا ابيض استار,وان > وان,0,85,70,50,100058,0
مقبض باب فيكتوريا ابيض اصلي*,الكترولوكس,0,180,160,150,100204,0
مقبض فيكتوريا اصلي فضي,وان > وان,0,0,0,,100205,0
مقبض فيكتوريا فضى استار,وان > وان,0,100,90,75,100059,0
مقبض باب فيكتوريا نيكل اصلي زانوسي*,الكترولوكس,0,180,160,150,100206,0
مقبض وايت بوينت 96/139,وان > وان,0,220,210,200,139ظ096,0
مقبض وايت بوينت حديث,وان > وان,0,0,0,,100552,0
مقبض وايت بوينت ستار,وان > وان,0,80,70,50,100358,0
مقبض وايت بوينت139/132,وان > وان,0,0,0,,100553,0
مقبض يونفيرسال تركي صغير,وان > وان,0,0,0,,100554,0
مقبض يونفيرسال تركي كبير,وان > وان,0,0,0,0,424970,0
مقبض يونيفيرسال ضيق عاده,وان > وان,0,0,0,,100556,0
مقبض يونيفيرسال عريض مشرشر,وان > وان,0,0,0,,100557,0
مكثف 10*12ك هاف توشيبا اصلى,وان > وان,0,100,90,70,100558,0
مكثف 10ك فوق توشيبا اصلى,وان > وان,0,120,100,80,2014384273,0
مكثف 12 uf,وان > وان,0,0,0,,100386,0
مكثف 16 uf ايطالى,وان > وان,0,90,75,61,100155,0
مكثف 16 uf حاتم*,وان > وان,0,90,80,70,100344,0
مكثف 16 uf صيني,وان > وان,0,55,50,45,100387,0
مكثف 16 سمارت,وان > وان,0,90,80,70,100361,0
مكثف 16 قسيس,وان > وان,0,60,55,50,100363,0
مكثف 16 وان,وان > وان,0,100,95,85,100462,0
مكثف 18 uf,وان > وان,0,0,0,,100559,0
مكثف 5uf,وان > وان,0,0,0,,100560,0
مكثف 6*7ك هاف توشيبا اصلي,وان > وان,0,100,85,65,100299,0
مكثف 7.5 uf ايطالي,وان > وان,0,40,35,25,100388,0
مكثف 7.5 صيني,وان > وان,0,25,30,17,100389,0
مكثف 8 صيني,وان > وان,1000,25,30,17,100390,0
مكثف 8ك فوق توشيبا اصلى,وان > وان,0,120,100,80,100300,0
مكثف uf10 صيني,وان > وان,1000,0,0,0,100561,0
مكثف20uf حاتم,وان > وان,0,100,90,85,100313,0
مكثف5/7/10/12 توشيبا استعمال,وان > وان,0,60,50,40,100072,0
ملف تاكو توشيبا,وان > وان,0,0,0,,100562,0
موتور اكواتيك استعمال 2,وان > وان,0,0,0,,100563,0
موتور بيكو استعمال,وان > وان,0,0,0,,100564,0
موتور شداد 3 طرف اسود,وان > وان,0,250,200,150,100391,0
موتور شداد توشيبا اصلى 10*11ك بدون سلك,وان > وان,0,300,250,200,100302,0
موتور شداد توشيبا اصلي 8ك,وان > وان,0,300,250,170,100303,0
موتور شداد توشيبا اصلي 8ك استعمال,وان > وان,0,180,150,100,100073,0
موتور شداد سامسونج اصلي,وان > وان,0,0,0,,100346,0
موتور شداد سامسونج عدسه,وان > وان,0,0,0,,100565,0
موتور شداد يونفرسال 3 طرف بذراع اصلي*,وان > وان,0,250,200,150,115736,0
موتور شداد يونيون اير اصلى,وان > وان,0,220,200,160,100392,0
موتور عصارة  توشيبا هاف 6&7ك  اصلي,وان > وان,0,800,750,550,100304,0
موتور عصاره توشيبا صيني ktm60,وان > وان,0,0,0,,100043,0
موتور عصر 60 فريش محمد السيد,وان > وان,0,430,400,380,100396,0
موتور عصر 90 محمد السيد,وان > وان,0,450,440,405,100397,0
موتور عصر توشيبا  ٧ك ktm,وان > وان,0,430,410,390,100044,0
موتور غسيل 135 W,وان > وان,8,600,580,530,100393,2
موتور غسيل توشيبا 6ك هاف,توشيبا العربي,0,900,850,750,2014382429,0
موتور غسيل توشيبا 7*10*12ك هاف,وان > وان,0,750,750,550,100305,0
نصف حله كمفورت امامي,وان > وان,0,0,0,,100587,0
هيتر LG اصلى,وان > وان,0,250,210,170,100049,0
هيتر اكواتك  ستار,وان > وان,10,250,220,200,100581,0
هيتر اكواتك وان,وان > وان,0,330,310,285,100585,0
هيتر دايو طويل وان,وان > وان,0,330,310,285,100463,0
هيتر زانوسي m2 وان,وان > وان,0,330,310,285,100464,0
هيتر مانرو m2,وان > وان,0,300,270,250,100367,0
هيتر مانرو وايت بوينت قصير,وان > وان,0,0,0,,100368,0
هيتر وايت بوينت وان,وان > وان,0,330,310,285,100465,0
وش بودي بطريق,وان > وان,0,350,350,330,100394,0
وش حله كومفورت,وان > وان,0,250,200,180,100074,0
وصلة اكوا درج للحله استعمال,وان > وان,0,70,70,50,100075,0
وصلة حرف L مرنة هاف توشيبا,وان > وان,0,70,60,55,100566,0
وصلة سحب طلمبة توشيبا 10*11ك فوق,وان > وان,0,80,70,60,100306,0
وصلة سحب طلمبة توشيبا 10*12ك هاف,وان > وان,0,60,50,40,100307,0
وصلة صرف اكواتك من الحلة للكفر كبيره,وان > وان,0,80,50,40,100567,0
وصلة صرف توشيبا 8ك من الطلمبة للحله,وان > وان,0,90,70,60,100308,0
وصلة فوق بكوع يونيون اير اصلية,وان > وان,0,130,100,80,100586,0
وصلة معدن هاف توشيبا,وان > وان,0,100,90,85,100309,0
وصلة من الدرج للحله تركي,وان > وان,0,50,40,30,100568,0
وصله درج للحله (كومفورت),وان > وان,0,50,40,30,100569,0
وصله سامسونج رفيعه,وان > وان,0,50,40,30,100570,0
وصله من الحلة للدرج m2,وان > وان,0,40,40,30,100571,0
وصله من الدرج للحله 7m,وان > وان,0,40,40,30,100572,0
وصله يونيفيرسال فوق من الحلة للطلمبة,وان > وان,0,35,30,15,100584,0
طقم قواعد كوتش سن عريض,متنوع,25,35,20,17,0,5
اويل سيل كريازى 30*55 تايوان,تايوان,2,50,30,18,0,1
اويل سيل 18 تايوان,تايوان,85,50,30,23,0,5
طقم مساعد اكوا ايطالى (فرط),ايطالي,195,190,160,135,0,10
جوان LG و 7M فايز واحد سيرفيس,العبودي,0,600,550,500,117ظ151,1
اكس 14 سيرفيس,العبودي,5,400,385,380,0,1
اكس يونيفرسال سيرفيس,العبودي,5,1100,1000,900,0,1
لسان بالقاعدة وايت ويل سيرفيس,العبودي,10,150,130,95,0,1
طقم مساعد العبد فرط,ايطالي,130,190,160,135,,0
تاكو lg فوق كيس شفاف*,متنوع,2,250,200,115,0,1
طرمبة KB,متنوع,20,0,0,0,0,0
طفم مساعد سامسونج استعمال,متنوع,99,300,250,200,100706,5
سير 1325*9.5 صن لوكس صيني,صيني,20,80,65,52,100707,5
اويل سيل 72*35 تيوان,متنوع,5,50,30,25,100708,3
اتوماتيك سيرفسlg,العبودي,0,0,0,0,148/110,0
بلية 6007zz بولندي,,0,0,0,0,029176012792,0
بلية بولندي 6005zzc3 بولندي,,0,0,0,0,029176012655,0
بلسة nsk بولندي 6204zzc3,,0,0,0,0,029176014307,0
بلي kbc6203c3,الزرقاوي,0,70,65,60,4047643208369,0
بلي nsk بولندي6305ZZC3,,0,0,0,0,029176016684,0
بلي nskبولندي6206DDU,,0,0,0,0,029176064272,0
بلي nsk بولندي6205ZZC3,,0,0,0,0,029176014413,0
بلي nsk بولندي6203ZZC3,,0,0,0,0,029176014208,0
بلي nsk بولندي 6204VV,,0,0,0,0,029176014253,0
بلي kyk 6203LLUV,الزرقاوي,0,0,0,0,4770590387855,0
بلي nsk بولندا 6306ZZ,,0,0,0,0,029176016769,0
بلي nsk بولندي 6605DDU,,0,0,0,0,029176064203,0
طقم صيانة رولمان بلي 6205 و 6206 واويل سيل*,الكترولوكس,0,400,370,350,0,0
6206 بليه   nachi 2nse9,,0,0,0,0,0,0
مفتاح امان باب فكتوريا7174,,0,0,0,0,}]ًُِ7174,0
اكسZ7M وان,وان > وان,0,1100,1050,975,100709,0
لوك باب غساله 6/7/8ك ايكو *,يونيفرسال,0,0,0,0,704010500088,0
لوك باب غسالة يونفرسل ايكو *,استار,0,0,0,0,0,0
سير 1194 ناعم الروضة*,الروضة,0,0,0,0,0,0
سير  1194 ناعم استار*,استار,0,0,0,0,0,0
حساس سامسونج او ماكس *,,0,0,0,0,123456746350,0
لوك تركي nlc استار *,,0,0,0,0,0,0
سير 1194 خشن استار*,,0,0,0,0,0,0
سير 1287 حاتم*,,0,0,0,0,030  011  032,0
سير1274*,,0,0,0,0,0,0
سير 1315*,,0,0,0,0,0,0
سير 1152 وايت بوينت مصري*,,0,0,0,0,0,0
طقم شربون رفيع سيرفس*,,0,0,0,0,135ظ301,0
طقم شربون عريض سيرفس*,,0,0,0,0,135ظ005,0
طقم مسمار اكوا,,0,0,0,0,034ظ040,0
فلتر توشيبا اصلي 8ك هاف,,0,0,0,0,06221127029468,0
لوك اكوا مانرو*,,0,0,0,0,0,0
ميزان مايه اوليمبيك,الكترولوكس,0,290,270,250,0,0
لوك اندست ديجيتال ك *,,0,0,0,0,0,0
واير 7 ك اصلي توشيبا*,,0,0,0,0,0,0
كامه 18 حاتم سيف *,,0,0,0,0,017ز005ز033,0
لوك كاندى حاتم,,0,0,0,0,006ز057ز010,0
صمام مسطرة يونفرسل واسع *,,0,0,0,0,0,0
طقم اوكر 14 حاتم,,0,0,0,0,0,0
لوك زانوسي ايجل*,,0,0,0,0,0,0
لوك زانوسي m2,وان > وان,0,290,270,250,0,0
مفصله كمفورت*,,0,0,0,0,0,0
لوك ايديال سيرفس *,,0,0,0,0,148ظ004,0
مقبض الكترولوكس وان *,,0,170,160,150,139ظ094,0
مساعد اكوا طويل,,0,0,0,0,167ظ014,0
وايت بوينت,,0,0,0,0,139ظ152,0
طنبوره ماتور 9*16 سيرفس*,العبودي,0,0,0,51,166ظ006,0
لوك زانوسي فيكتوريا*,,0,0,0,0,0}]ًُِ7174,0
لوك (اجنس) وايت ويل استار *,,0,0,0,0,0,0
لوك فاميلي وان *,,0,0,0,0,0,0
لوك كاندي حاتم*,,0,0,0,0,0,0
صمام مجوز عدل وان*,وان > وان,1000,270,240,220,1000,0
مقبض باب فيكتوريا ابيض استار *,,0,0,0,0,0,0
مقبض باب فيكتوريا نيكل استار *,,0,0,0,0,0,0
مقبض باب نيكل مصري *,,0,0,0,0,0,0
شيالة كمفورت,,0,0,0,0,0,0
طقم اوكر 18 m2 فوق واتوماتيك الروضة*,,0,0,0,0,0,0
طقم اوكر 18 m2 فوق واتوماتيك استار*,,1000,0,0,0,0,0
لوك7m استار*,,0,0,0,0,0,0
t3 بيكو سيرفس *,,0,0,0,0,0148ظ100,0
لوك m5 فيستيل وان*,,0,0,0,0,0,0
صمام مياه جميع ربورت شو زانوسي*,,0,0,0,0,01267830,0
طلمبة سيرفس *,,0,0,0,0,06224000689117,0
بودرة توشيبا 8ك فوق الجديدة*,,0,0,0,0,6221127026887,0
سير توشيبا 14 سيرفس *,,0,0,0,0,4710088412010,0
سير 18 زانوسي سيرفس *,,0,0,0,0,4710088412010,0
طلمبة kb فوق اتوماتيك*,,0,0,0,0,0,0
طلبمة gm فوق اتوماتيك*,,0,0,0,0,0,0
طلبمة وان اتوماتيك 8 ريشة*,,0,0,0,0,0,0
صمام  اكواتك سيرفس *,العبودي,0,140,125,115,153ظ012,0
صمام ktm سامسونج *,,0,0,0,0,0,0
مفتاح الغاء 18 حاتم,حاتم سيف,10,220,210,185,100710,3
فومة ثلاجة 12 توشيبا اصلي,توشيبا العربي,20,160,150,90,100711,3
فومة ثلاجة 14 توشيبا اصلي,توشيبا العربي,5,170,160,100,100712,3
كويل 14 توشيبا اصلي,توشيبا العربي,0,500,450,400,0100716,1
كويل 12 توشيبا اصلي,توشيبا العربي,1,450,400,325,100713,0
اويل سيل بصامولة اوتو,العبودي,0,70,55,42,0100714,3
سير 660 فريش اصلي,متنوع,1000,0,0,20,100715,3
لوك اكواتك وان*,وان > وان,50,200,190,175,0,0
لوك كهرباء فريجيدير وان*,,0,250,230,200,0,0
لوك شارب وان*,,0,400,380,350,0,0
ليفيل الكتروني اسود*,,0,340,320,300,0,0
مساعد اكواتيك n120*,,0,200,190,170,0,0
مساعد كريازي معدن وان*,,0,230,210,190,0,0
مساعد ايليت 4 بينز وان*,,0,290,270,240,0,0
كاوتشه وايت بوينت تركي وان*,,0,430,400,375,0,0
كاوتشه وايت بوينت ايطالي وان*,,0,700,650,620,0,0
كاوتشه كريازي وان*,,0,400,370,340,0,0
كاوشه فيكتوريا وان *,,0,700,650,600,0,0
كاوتشه زانوسي وان*,,0,360,340,320,0,0
كاوتشه العبد بكيرف وان*,,0,600,580,550,0,0
كاوتشة ال جي 3 فايظ وان*,,0,950,900,800,0,0
كاوتشه ال جي 1 فايظ وان*,,0,700,650,600,0,0
كاوتشة اكواتيك,,0,450,430,410,0,0
طلمبه ال جي اطباق وان *,,0,750,700,650,0,0
طلمبه لف ايطالي 8 رجل وان*,,0,430,410,390,0,0
طلمبه توب وان *,,0,250,230,200,0,0
صمام ثلاثي اريستون وان*,,0,450,420,385,0,0
صمام ثلاثي عدل وان*,,0,400,370,340,0,0
صمام اكوا اخضر وان*,,0,180,165,150,0,0
حساس هيتر وان*,,0,85,75,65,0,0
تايمر كومفورت وان*,,0,1250,1250,1150,0,0
بوردة 5 زرار l وان *,,0,2100,2000,1900,0,0
بليه6204 وان *,,0,130,120,110,0,0
اكس سامسونج بطحين وان *,,0,1550,1500,1400,0,0
اكس سامسونج مشرشر وان *,,0,1550,1500,1400,0,0
اكس g20 وان *,,0,1100,1050,1000,0,0
اكس شارب وان *,,0,1500,1450,1400,0,0
اويل سيل  وان *,,0,90,80,70,0,0
1,,0,0,0,0,0,0
ثرموستات فريزر اصلي*,الكترولوكس,0,350,320,300,0,0
فلتر نحاس*,الكترولوكس,0,45,35,30,0,0
صمام زاويه اصلي *,الكترولوكس,0,140,120,110,0,0
ثرموستات سخان اصلي *,,0,200,180,160,0,0
سير غساله 800 اصلي*,الكترولوكس,0,300,285,275,0,0
جيوان 20 اكواتيك *,الكترولوكس,0,600,600,550,0,0
طقم صيانه رومان بلي 6204 18 ب,الكترولوكس,0,250,235,225,0,0
جيربوكس غساله تحميل علوي 7.5 ك*,الكترولوكس,0,1150,1100,1000,0,0
سير 20 اكوا اصلي *,الكترولوكس,0,300,285,275,0,0
ميزان مايه  اليجنس*,الكترولوكس,0,270,250,225,0,0
بوردة زانوسي فوق اتوماتيك*,الكترولوكس,1450,1500,0,1350,0,0
شربون غساله فيكتوريا اصلي *,الكترولوكس,0,570,570,550,0,0
كارته 7ك iz اصلي *,الكترولوكس,0,2850,2800,2750,0,0
خرطوت تقليب اكوا اصلي *,الكترولوكس,0,130,120,110,0,0
بادي فيكتوريا صاج 7ك اصلي *,الكترولوكس,0,3100,3000,2750,0,0
طقم مساعين اكوا بدون تغليف 1,متنوع,10,200,170,160,0,0
طقم مساعدين عبد بدون تغليف 1,متنوع,10,200,170,160,0,0
صمام عدل سيرفس 1,العبودي,10,145,135,125,0,0
بلي 6203 ntn,متنوع,40,60,50,40,0,0
لوك اكوا سيرفس 1,العبودي,6,230,200,185,0,0
بليه 6203 ddu*,,1000,0,0,0,0,0
بليه 6205 dduc3*,,1000,0,0,0,0,0
اويل سيل 14 تيوان,,20,0,0,0,0,0
اويل سيل 18 تيوات*,,1000,0,0,0,0,0
اويل سيل 18 تيوان,,5,0,0,0,0,0
اويل سيل 18 ايطالي,العبودي,10,0,0,0,0,0
اويل سيل هاف عصارة استار*,استار,10,0,0,0,0,0
اويل سيل 12 ك عصاره عبودي*,,1000,0,0,0,0,0
اويل سيل 5ك عصاره سيرفس*,,1000,0,0,0,0,0
مكثف 12 صيني*,,1000,0,0,0,0,0
مكثف 5 صيني*,,1000,0,0,0,0,0
سير 1164 استار,استار,1000,0,0,0,0,0
طقم رجل خشن كوتش رفيع*,,1000,0,0,0,0,0
طقم رجل ناعم كوتش عالي*,,1000,0,0,0,0,0
سير زانوسي 14 سيرفس *,,1000,0,0,0,0,0
بادي 8ك يونس صاج تقيل,,1000,0,0,0,0,0
بادي استالس,,1000,0,0,0,0,0
اكره توشيبا الوان *,,1000,10,5,3,0,0
شاسيه علوي 10ك 12ك*,,0,80,70,60,0,0
بادي 8ك يونس استالس تقيل,,1000,0,0,0,0,0
بادي استالس حر 1190&9790*,,0,950,920,870,0,0
بادي صاج فوق اتوماتيك 1190&9790*,,0,750,710,665,0,0
بادي 5ك صاج تقيل جدا شركه*,,0,430,400,360,0,0
بادي 8ك صاج *,,0,650,610,570,0,0
بادي 8 ك حر ثقيل جدا*,,0,850,810,770,0,0
بادي 8ك حر تقيل*,,0,850,810,770,0,0
جيربوكس ال جي سيرفس **,العبودي,0,0,0,132,0,0
لوك ايديال كمفورت سيرفس*,العبودي,0,0,0,98,0,0
اويل سيل 65.55*35*10 سيرفس *,العبودي,0,0,0,116,0,0
جيربوكس يونيفرسال 10ك سيرفس*,العبودي,0,0,0,961,0,0
جيربوكس زانوسي 9ك سيرفس *,العبودي,0,0,0,961,0,0
جريبوكس سامسونج سيرفس*,العبودي,0,0,0,846,0,0
لوك اكوا سيرفس,العبودي,0,0,0,0,0,0
عود فضة *,,1000,0,0,0,0,0
بلف شحن*,,1000,0,0,0,0,0
جربوكس هاف 6  مسمار  مربع *,,1000,0,0,0,0,0
جربوكس هاف 6  مسمار  مشرشر*,,1000,0,0,0,0,0
جربوكس هاف توشيبا*,,1000,0,0,0,0,0
جربوكس صاجة كامله زور عالي واسع 7 مسمار mma*,,1000,0,0,0,0,0
جربوكس نص صاجة زور واطي 4 مسمار  كمال*,,1000,0,0,0,0,0
جربوكس سامسونج gm *,,1000,0,0,0,0,0
جربوكس وايت بوينت نص *,,1000,0,0,0,0,0
جربوكس صاجة كامله يونفرسل اكس قصير *,,1000,0,0,0,0,0
جربوكس 6مسمار اكس طويل عبودي صاجه كامله*,,1000,0,0,0,0,0
جربوكس 4مسمار زانوسي*,,1000,0,0,0,0,0
جربوكس 6مسمار زانوسي *,,1000,0,0,0,0,0
مروحة 16 قسيس *,,1000,0,0,0,0,0
موتور انتشار قسيس *,,1000,0,0,0,0,0
كابلاري,,1000,0,0,0,0,0
تايمر فريش 3 طرف درجة اولي *,,1000,0,0,0,0,0
تايمر 3 طر ف فريش*,,1000,0,0,0,0,0
تايمر 6 ك فريش اصلي*,,1000,0,0,0,0,0
اكرة توشيبا قطعتين*,,0,0,0,6,0,0
طقم مسمار فريجيدير 8 قطعة سيرفس *,العبودي,0,0,0,57,0,0
طقم فريم ايليت سرفس*,العبودي,0,0,0,102,0,0
طرد ضيق بكوع 3 سيرفس*,العبودي,0,0,0,45,0,0
اكره متعدد سيرفس,العبودي,0,0,0,9,0,0
طنبوره ماتور 9*17سيرفس*,العبودي,0,0,0,51,0,0
مساعد يونيفرسال 9ك سيرفس*,العبودي,0,0,0,114,0,0
حله اكواتك,متنوع,2,650,600,550,0,0
ثرموستات اكواتك 1,متنوع,4,100,80,50,0,0
سير 1287,حاتم سيف,2,0,0,0,0,0
كابلري,حاتم سيف,2,0,0,0,0,0
اكس فيكتوريا,,2,0,0,0,0,0
فربون طيبه,,12,0,0,0,0,0
رليه باريس,متنوع,20,0,0,0,0,0
اوفر باريس,متنوع,10,0,0,0,0,0
بايمتل ثرموديثك,,25,0,0,0,0,0
سير 12402,,1,0,0,0,0,0
ثيرموثت M2,,1,0,0,0,0,0
